,City,City_ID,Country,"Date unix, UTC",lon,lat,Max Temperature (F),Humidity (%),Cloudiness (%),Wind Speed (mph)
0,Bredasdorp,1015776,ZA,1608135493,20.04,-34.53,69.8,56,0,8.05
1,Ushuaia,3833367,AR,1608135432,-68.3,-54.8,48.2,70,75,6.93
2,New Norfolk,2155415,AU,1608135717,147.06,-42.78,54.0,79,100,1.28
3,George Town,1735106,MY,1608135717,100.34,5.41,78.8,94,40,2.24
4,Hambantota,1244926,LK,1608135717,81.12,6.12,77.0,100,40,4.7
5,Hermanus,3366880,ZA,1608135717,19.23,-34.42,72.0,64,34,4.0
6,Bluff,2206939,NZ,1608135495,168.33,-46.6,46.99,98,89,7.96
7,Saint-Leu,6690297,RE,1608135718,55.28,-21.15,78.8,83,0,13.87
8,Atuona,4020109,PF,1608135672,-139.03,-9.8,78.4,78,9,21.23
9,Sisimiut,3419842,GL,1608135718,-53.67,66.94,19.27,89,22,8.28
10,Mataura,6201424,NZ,1608135488,168.86,-46.19,46.99,98,100,2.06
11,Sitka,5557293,US,1608135498,-135.33,57.05,39.2,93,90,3.78
12,Olafsvik,3414079,IS,1608135718,-23.71,64.89,35.91,84,99,26.17
13,Gimli,5961417,CA,1608135718,-96.99,50.63,15.8,92,100,6.93
14,Acaraú,3408368,BR,1608135549,-40.12,-2.89,85.86,62,98,14.94
15,Bridlington,2654728,GB,1608135719,-0.19,54.08,48.2,93,100,12.75
16,Barrow,5880054,US,1608135719,-156.79,71.29,-7.6,69,1,26.4
17,Aswān,359792,EG,1608135719,32.91,24.09,64.11,42,0,7.9
18,Vilyuysk,2013392,RU,1608135719,121.62,63.76,-30.5,84,97,4.79
19,Cabo San Lucas,3985710,MX,1608135537,-109.91,22.89,66.0,77,5,3.36
20,Busselton,2075265,AU,1608135719,115.33,-33.65,55.99,80,0,15.1
21,Rikitea,4030556,PF,1608135495,-134.97,-23.12,76.77,73,0,10.51
22,Chokurdakh,2126123,RU,1608135720,147.92,70.63,-9.51,91,100,6.13
23,Puerto Madero,3520989,MX,1608135720,-92.42,14.72,84.2,79,5,6.93
24,Hong Kong,1819729,HK,1608135510,114.16,22.29,57.99,74,34,1.01
25,Port Lincoln,2063036,AU,1608135720,135.87,-34.73,59.13,81,95,14.14
26,Yellowknife,6185377,CA,1608135720,-114.35,62.46,-38.0,72,20,4.7
27,Kaitangata,2208248,NZ,1608135721,169.85,-46.28,50.0,96,100,3.0
28,Caravelas,3466980,BR,1608135722,-39.25,-17.71,84.78,54,66,9.46
29,Jamestown,5122534,US,1608135556,-79.24,42.1,26.01,53,40,9.17
30,Ségou,2451478,ML,1608135722,-6.22,13.43,97.5,10,5,6.96
31,Punta Arenas,3874787,CL,1608135499,-70.92,-53.15,57.2,41,75,32.21
32,Praia da Vitória,3372760,PT,1608135722,-27.07,38.73,69.8,60,20,17.36
33,Bathsheba,3374083,BB,1608135722,-59.52,13.22,86.0,66,40,14.99
34,Lagoa,3372964,PT,1608135723,-27.98,39.05,63.63,78,50,24.25
35,Ben Gardane,2472431,TN,1608135723,11.22,33.14,64.33,46,32,5.35
36,Sibu,1735902,MY,1608135723,111.82,2.3,77.0,94,40,3.36
37,Butaritari,2110227,KI,1608135723,172.79,3.07,80.69,81,86,17.47
38,Ceyhan,318675,TR,1608135446,35.82,37.02,60.8,55,75,18.34
39,Baghdad,98182,IQ,1608135615,44.4,33.34,60.8,77,15,4.7
40,Tuatapere,2180815,NZ,1608135724,167.68,-46.13,46.99,98,98,1.99
41,Tuktoyaktuk,6170031,CA,1608135724,-133.04,69.45,-22.0,74,40,4.7
42,Arak,143127,IR,1608135724,49.69,34.09,37.44,84,75,2.37
43,Kunya,2592493,NG,1608135724,8.53,12.22,86.0,27,29,11.41
44,Pahrump,5509851,US,1608135724,-115.98,36.21,46.0,38,1,0.67
45,Channel-Port aux Basques,5919815,CA,1608135724,-59.14,47.57,24.28,95,95,36.8
46,Jinchang,1805733,CN,1608135724,102.17,38.5,16.38,85,100,1.61
47,Kapaa,5848280,US,1608135725,-159.32,22.08,75.2,88,90,12.75
48,Saint George,5546220,US,1608135518,-113.58,37.1,23.0,67,1,4.7
49,Payo,1638775,ID,1608135725,103.64,-3.75,70.95,92,100,2.98
50,Albany,5106841,US,1608135725,-73.97,42.6,19.99,66,75,8.05
51,Khandyga,2022773,RU,1608135725,135.6,62.67,-47.45,75,52,1.12
52,Tuy Hoa,1563281,VN,1608135725,109.3,13.08,75.27,89,98,16.31
53,Sayyan,70979,YE,1608135725,44.32,15.17,50.31,47,23,0.49
54,Irbeyskoye,1505529,RU,1608135726,95.45,55.64,-7.33,85,100,2.59
55,Deputatsky,2028164,RU,1608135726,139.9,69.3,-29.61,87,93,1.12
56,Comodoro Rivadavia,3860443,AR,1608135726,-67.5,-45.87,73.4,28,0,12.75
57,Nouadhibou,2377457,MR,1608135726,-17.03,20.93,75.2,57,0,16.11
58,Mar del Plata,3430863,AR,1608135622,-57.56,-38.0,77.0,33,0,19.46
59,Khovd,1516048,MN,1608135519,91.64,48.01,-0.06,87,24,0.69
60,Isangel,2136825,VU,1608135565,169.27,-19.55,76.17,81,8,15.21
61,Hasaki,2112802,JP,1608135726,140.83,35.73,30.2,74,20,6.93
62,East London,1006984,ZA,1608135727,27.91,-33.02,71.6,73,40,9.17
63,La Ronge,6050066,CA,1608135727,-105.28,55.1,3.2,77,100,4.7
64,Mahébourg,934322,MU,1608135499,57.7,-20.41,78.8,88,40,10.29
65,Richards Bay,962367,ZA,1608135727,32.04,-28.78,73.8,74,0,8.1
66,Khatanga,2022572,RU,1608135727,102.5,71.97,-31.88,81,0,4.72
67,Saint-Philippe,935215,RE,1608135727,55.77,-21.36,78.8,83,0,13.87
68,São João da Barra,3448903,BR,1608135727,-41.05,-21.64,87.8,55,0,16.11
69,Río Gallegos,3838859,AR,1608135728,-69.22,-51.62,59.0,33,75,32.21
70,Klaksvík,2618795,FO,1608135728,-6.59,62.23,46.4,70,100,17.22
71,Castro,3466704,BR,1608135728,-50.01,-24.79,81.25,53,33,6.06
72,La Paz,3911925,BO,1608135540,-68.15,-16.5,53.6,54,75,5.82
73,Rodolfo Sánchez Taboada,3996737,MX,1608135728,-116.57,31.72,55.0,33,0,1.99
74,Hofn,2630299,IS,1608135728,-15.21,64.25,42.8,82,90,16.11
75,Iqaluit,5983720,CA,1608135573,-68.51,63.75,5.0,77,90,18.34
76,Vaini,4032243,TO,1608135729,-175.2,-21.2,71.6,94,40,9.17
77,Guerrero Negro,4021858,MX,1608135729,-114.06,27.98,58.05,36,0,0.43
78,Kudahuvadhoo,1337607,MV,1608135729,72.89,2.67,82.74,70,20,5.82
79,Kapit,1737185,MY,1608135729,112.93,2.02,74.8,93,100,0.36
80,Souillac,933995,MU,1608135729,57.52,-20.52,78.8,88,40,10.29
81,Kokopo,2093685,PG,1608135729,152.26,-4.35,80.1,82,96,7.94
82,Saldanha,3361934,ZA,1608135729,17.94,-33.01,71.6,56,45,24.16
83,Carnarvon,2074865,AU,1608135490,113.63,-24.87,71.6,88,0,21.92
84,Nikolskoye,546105,RU,1608135489,30.79,59.7,30.99,100,90,6.71
85,Dikson,1507390,RU,1608135730,80.55,73.51,-24.48,83,17,5.99
86,Hobart,2163355,AU,1608135621,147.33,-42.88,54.0,93,90,4.7
87,Puerto Ayora,3652764,EC,1608135730,-90.35,-0.74,73.4,83,75,10.29
88,Laguna,5364271,US,1608135730,-121.42,38.42,39.99,86,90,2.73
89,Katsuura,2112309,JP,1608135437,140.3,35.13,39.2,55,20,10.29
90,Uwajima,1926020,JP,1608135731,132.56,33.22,38.84,72,98,18.68
91,Tiarei,4033356,PF,1608135731,-149.33,-17.53,77.0,73,75,3.36
92,Coalinga,5338196,US,1608135651,-120.36,36.14,42.01,84,3,1.61
93,Port Alfred,964432,ZA,1608135731,26.89,-33.59,72.0,79,0,1.99
94,Goodlettsville,4625282,US,1608135731,-86.71,36.32,43.0,87,90,4.7
95,Lorengau,2092164,PG,1608135731,147.27,-2.02,82.85,79,98,9.55
96,Tongliao,2034400,CN,1608135731,122.27,43.61,-2.61,88,0,8.21
97,Inhambane,1045114,MZ,1608135523,35.38,-23.86,82.0,78,40,4.7
98,Udachny,2014624,RU,1608135732,112.4,66.42,-27.4,67,90,2.24
99,Catuday,1717787,PH,1608135732,119.81,16.29,78.58,81,36,7.83
100,Kimbe,2093967,PG,1608135682,150.14,-5.55,77.94,85,100,1.77
101,Kruisfontein,986717,ZA,1608135732,24.73,-34.0,75.0,58,0,5.99
102,Mount Gambier,2156643,AU,1608135732,140.77,-37.83,57.2,93,90,10.29
103,Moultrie,4210397,US,1608135732,-83.79,31.18,46.4,100,90,8.95
104,Plouzané,2986626,FR,1608135732,-4.62,48.38,50.0,87,100,8.05
105,Verāval,1253237,IN,1608135732,70.37,20.9,72.88,45,0,10.4
106,Pánormos,255849,GR,1608135733,24.69,35.42,57.99,76,88,10.4
107,Straumen,3135728,NO,1608135733,11.3,63.87,41.0,100,90,3.36
108,Bethel,5282297,US,1608135733,-73.41,41.37,23.0,44,1,5.82
109,Moose Factory,6078372,CA,1608135733,-80.61,51.26,-4.0,76,75,5.82
110,Ferme-Neuve,5952330,CA,1608135733,-75.45,46.7,-0.4,70,94,3.36
111,Tianpeng,1792916,CN,1608135733,103.94,30.99,41.0,1,93,2.37
112,Arlit,2447513,NE,1608135733,7.39,18.74,85.55,12,5,6.82
113,Arman',2127060,RU,1608135734,150.17,59.7,-5.87,84,32,17.9
114,Ghogha,1271285,IN,1608135734,72.28,21.68,76.08,53,0,14.41
115,Sola,2134814,VU,1608135534,167.55,-13.88,80.6,94,75,4.7
116,Ipatovo,556230,RU,1608135734,42.9,45.72,38.82,85,100,9.28
117,Dingle,1714733,PH,1608135734,122.67,11.0,75.63,91,64,8.66
118,Vengerovo,1487615,RU,1608135734,76.75,55.68,9.21,94,100,10.71
119,Adrar,2381972,MR,1608135734,-10.07,20.5,84.31,14,81,5.3
120,Storforshei,3145614,NO,1608135734,14.52,66.4,30.2,92,75,2.24
121,Myski,1498129,RU,1608135734,87.8,53.71,12.25,95,100,3.74
122,Klyuchi,1503153,RU,1608135735,79.17,52.27,4.68,93,14,8.99
123,Fuerte Olimpo,3438102,PY,1608135735,-57.87,-21.04,100.29,33,96,10.45
124,Talnakh,1490256,RU,1608135735,88.4,69.49,-7.6,76,40,17.9
125,Madīnat Sittah Uktūbar,353219,EG,1608135735,31.05,29.82,64.0,67,40,10.29
126,Maragogi,3395458,BR,1608135735,-35.22,-9.01,82.65,68,97,11.95
127,Mehamn,778707,NO,1608135735,27.85,71.04,26.6,32,75,14.99
128,Rawson,3839307,AR,1608135735,-65.1,-43.3,66.94,32,0,7.65
129,Ponta do Sol,2264557,PT,1608135736,-17.1,32.67,68.0,52,20,16.11
130,Bubaque,2374583,GW,1608135526,-15.83,11.28,80.82,56,3,11.48
131,Hithadhoo,1282256,MV,1608135736,73.08,-0.6,82.29,70,17,6.78
132,Pisco,3932145,PE,1608135725,-76.22,-13.7,72.0,77,0,9.17
133,College,5859699,US,1608135736,-147.8,64.86,6.8,50,90,11.41
134,Qeshm,119374,IR,1608135671,56.27,26.96,69.8,67,0,4.7
135,Zeya,2012593,RU,1608135737,127.27,53.75,-12.91,83,0,0.89
136,Balkanabat,161616,TM,1608135737,54.37,39.51,46.08,51,65,12.21
137,Torbay,6167817,CA,1608135737,-52.73,47.67,32.0,90,75,39.15
138,Cape Town,3369157,ZA,1608135737,18.42,-33.93,70.0,64,0,23.04
139,Ancud,3899695,CL,1608135494,-73.82,-41.87,55.4,58,40,11.41
140,Alyangula,2079582,AU,1608135737,136.42,-13.85,78.8,100,100,3.36
141,Marawi,1701054,PH,1608135737,124.29,8.0,75.0,92,65,4.0
142,Paka,1734313,MY,1608135737,103.44,4.64,77.0,94,100,1.12
143,Nevers,2990474,FR,1608135737,3.16,46.99,53.01,81,0,6.93
144,San Cristobal,3628473,VE,1608135738,-72.22,7.77,80.6,69,40,4.7
145,Teya,1489656,RU,1608135738,92.63,60.38,-11.6,86,82,4.47
146,Kahului,5847411,US,1608135738,-156.47,20.89,73.4,83,20,17.22
147,Longyearbyen,2729907,SJ,1608135738,15.64,78.22,3.2,59,0,8.05
148,Saskylakh,2017155,RU,1608135738,114.08,71.92,-33.25,83,90,2.46
149,Husavik,2629833,IS,1608135537,-17.34,66.04,35.6,80,75,9.17
150,Ostrovnoy,556268,RU,1608135547,39.51,68.05,26.67,92,100,17.18
151,Lázaro Cárdenas,4026082,MX,1608135528,-102.2,17.96,79.3,63,2,0.92
152,Tablac,1684967,PH,1608135739,120.48,17.22,73.15,82,77,4.36
153,Vao,2137773,NC,1608135739,167.48,-22.67,75.58,76,4,19.37
154,Cherskiy,2126199,RU,1608135524,161.3,68.75,-22.14,87,100,2.77
155,Salamanca,3111107,ES,1608135739,-6.0,40.83,46.99,87,75,9.17
156,Fukuechō,1863997,JP,1608135739,128.84,32.69,43.92,65,78,22.55
157,Auki,2109701,SB,1608135739,160.7,-8.77,80.67,83,27,5.61
158,Bocaiúva,3469601,BR,1608135740,-43.81,-17.11,84.45,55,98,8.9
159,Broken Hill,2173911,AU,1608135740,141.43,-31.95,77.0,41,0,8.05
160,Toktogul,1538648,KG,1608135740,72.94,41.87,23.32,72,0,2.53
161,Camacha,2270385,PT,1608135740,-16.33,33.08,60.8,87,40,18.34
162,Petropavlovsk-Kamchatskiy,2122104,RU,1608135538,158.65,53.05,28.4,92,75,4.47
163,Price,5545269,US,1608135740,-110.81,39.6,21.2,62,1,3.06
164,Arraial do Cabo,3471451,BR,1608135740,-42.03,-22.97,87.8,70,0,9.17
165,Qaanaaq,3831208,GL,1608135491,-69.36,77.48,3.67,70,0,6.06
166,Neftçala,147425,AZ,1608135741,49.25,39.37,49.33,79,76,5.26
167,Saint Paul Harbor,5866583,US,1608135741,-152.41,57.79,21.2,85,1,5.82
168,São Filipe,3374210,CV,1608135536,-24.5,14.9,74.53,71,81,9.35
169,Vila Velha,3445026,BR,1608135715,-40.29,-20.33,86.0,66,20,17.22
170,Bambous Virieux,1106677,MU,1608135491,57.76,-20.34,79.0,88,40,10.29
171,Pevek,2122090,RU,1608135741,170.31,69.7,7.25,92,44,7.65
172,Pangody,1495626,RU,1608135741,74.49,65.85,-5.69,92,99,11.92
173,Mizdah,2214827,LY,1608135742,12.98,31.45,58.59,34,36,6.85
174,Tiksi,2015306,RU,1608135742,128.87,71.69,-16.71,89,100,3.65
175,Halifax,6324729,CA,1608135517,-63.57,44.65,26.6,53,20,13.87
176,Dabakala,2290609,CI,1608135742,-4.43,8.37,91.85,37,75,1.92
177,Roald,3141667,NO,1608135520,6.13,62.58,44.01,87,40,6.93
178,Chukhloma,567695,RU,1608135742,42.68,58.75,15.64,97,88,5.88
179,Kaitong,2036338,CN,1608135743,123.15,44.81,1.31,86,0,9.28
180,Thompson,6165406,CA,1608135512,-97.86,55.74,-4.0,83,90,2.24
181,Tshane,933726,BW,1608135743,21.87,-24.02,91.26,21,77,13.29
182,Kibala,2425791,TD,1608135743,18.35,9.11,91.4,29,0,3.06
183,Sambava,1056899,MG,1608135743,50.17,-14.27,78.84,83,5,11.99
184,Belaya Gora,2126785,RU,1608135743,146.42,68.53,-22.25,87,100,5.3
185,Yulara,6355222,AU,1608135743,130.99,-25.24,86.0,37,37,11.41
186,Port Elizabeth,964420,ZA,1608135743,25.57,-33.92,71.6,60,0,10.29
187,Upernavik,3418910,GL,1608135501,-56.15,72.79,18.36,83,14,4.38
188,Broome,5110365,US,1608135744,-75.83,42.25,25.0,62,20,11.41
189,Tazovsky,1489853,RU,1608135744,78.7,67.47,-6.14,91,100,12.21
190,Paamiut,3421193,GL,1608135744,-49.67,61.99,35.26,77,85,10.27
191,Radebeul,2851077,DE,1608135744,13.66,51.11,41.0,86,0,9.17
192,Serebryanyy Bor,2016977,RU,1608135745,124.8,56.8,-20.24,85,88,0.83
193,High Level,5975004,CA,1608135745,-117.14,58.52,-4.0,76,90,8.05
194,Namatanai,2090021,PG,1608135745,152.43,-3.67,81.21,80,77,9.19
195,Cidreira,3466165,BR,1608135556,-50.21,-30.18,76.93,79,40,9.31
196,Pulivendla,1259264,IN,1608135745,78.23,14.42,72.93,83,92,7.74
197,Tautira,4033557,PF,1608135745,-149.15,-17.73,77.0,73,75,3.36
198,Kupang,2057087,ID,1608135745,123.58,-10.17,80.69,83,74,7.31
199,Ilulissat,3423146,GL,1608135541,-51.1,69.22,24.8,41,20,18.34
200,Paro,1252490,BT,1608135746,89.41,27.43,36.21,75,5,3.4
201,Mossamedes,3347019,AO,1608135746,12.15,-15.2,75.2,73,90,11.41
202,Ponta Delgada,3372783,PT,1608135746,-25.67,37.73,64.4,88,40,12.75
203,Tasiilaq,3424607,GL,1608135746,-37.64,65.61,24.8,45,75,20.8
204,Berlevåg,780687,NO,1608135746,29.09,70.86,19.4,92,75,13.87
205,Khanbari,1283217,NP,1608135746,87.2,27.37,52.66,44,0,3.15
206,Thunder Bay,6166142,CA,1608135675,-89.32,48.4,21.2,92,90,8.05
207,Komsomolets,1522348,KZ,1608135746,62.07,53.75,19.92,91,100,12.93
208,Ilebo,215976,CD,1608135746,20.58,-4.32,84.49,66,85,1.16
209,Labuhan,8079926,ID,1608135747,112.21,-6.88,77.16,89,100,3.76
210,Kadipaten,7375666,ID,1608135747,113.22,-8.14,75.99,86,94,1.12
211,Majene,1636806,ID,1608135747,118.97,-3.54,79.81,73,100,4.54
212,Port Hardy,6111862,CA,1608135747,-127.42,50.7,46.4,87,90,16.11
213,Chui,3443061,UY,1608135747,-53.46,-33.7,70.57,67,54,10.38
214,Grindavik,3416888,IS,1608135747,-22.43,63.84,39.2,86,75,10.29
215,Doumé,2232497,CM,1608135747,13.45,4.23,91.62,22,99,1.77
216,Mukono,228853,UG,1608135747,32.76,0.35,77.0,69,20,4.7
217,Norman Wells,6089245,CA,1608135495,-126.83,65.28,-20.2,68,75,10.29
218,Kenai,5866063,US,1608135748,-151.26,60.55,24.01,92,20,3.36
219,Airai,1651810,TL,1608135519,125.41,-8.93,62.19,100,100,2.13
220,Pathein,1328421,MM,1608135748,94.73,16.78,74.17,70,61,4.43
221,Coyhaique,3894426,CL,1608135509,-72.07,-45.58,57.2,47,0,5.82
222,Wahiawā,5853992,US,1608135748,-158.02,21.5,73.0,100,90,6.82
223,Laas,3175096,IT,1608135748,10.7,46.62,42.01,66,75,3.36
224,Kasongo-Lunda,2315026,CD,1608135748,16.82,-6.47,81.73,74,100,2.57
225,Tonantins,3661894,BR,1608135749,-67.8,-2.87,86.61,60,99,4.36
226,Alenquer,3407980,BR,1608135749,-54.74,-1.94,80.6,78,75,10.29
227,Zhengjiatun,2033135,CN,1608135749,123.51,43.51,0.12,90,0,8.63
228,Henderson,5505411,US,1608135711,-114.98,36.04,42.01,37,1,4.7
229,Chillicothe,4828890,US,1608135749,-82.98,39.33,32.0,92,90,3.36
230,Cabedelo,3404558,BR,1608135638,-34.83,-6.98,87.8,62,75,11.41
231,Beringovskiy,2126710,RU,1608135750,179.32,63.05,12.72,96,99,10.09
232,Sarangani,1687186,PH,1608135750,125.46,5.4,82.58,74,87,4.18
233,Jaguarari,3460225,BR,1608135750,-40.2,-10.26,87.93,38,24,8.68
234,Lüderitz,3355672,NA,1608135750,15.16,-26.65,75.2,53,0,24.16
235,Provincia di Imperia,3175531,IT,1608135750,7.78,43.97,55.99,87,75,3.36
236,Galle,1246294,LK,1608135750,80.22,6.04,79.25,74,62,4.92
237,Inza,556283,RU,1608135750,46.36,53.85,14.31,96,81,2.86
238,Havelock,4470244,US,1608135654,-76.9,34.88,62.01,93,90,12.75
239,Lebu,3883457,CL,1608135751,-73.65,-37.62,59.31,56,0,20.13
240,Samarai,2132606,PG,1608135751,150.67,-10.62,81.7,69,80,5.41
241,Ayan,2027316,RU,1608135751,138.17,56.45,-3.14,90,100,19.08
242,Nishihara,1855342,JP,1608135751,127.76,26.18,62.6,62,75,6.93
243,Conselheiro Pena,3465639,BR,1608135751,-41.47,-19.17,83.43,61,73,4.97
244,Kroya,1639337,ID,1608135570,109.25,-7.63,78.62,84,99,3.06
245,Mayo,4362001,US,1608135711,-76.51,38.89,36.0,74,90,9.17
246,Westport,4845585,US,1608135751,-73.36,41.14,27.0,32,1,8.05
247,Shangqiu,1783934,CN,1608135752,115.65,34.45,31.44,78,100,4.29
248,Flinders,6255012,AU,1608135752,150.86,-34.58,73.0,93,98,1.01
249,Ostër,698247,UA,1608135752,30.88,50.95,33.01,100,100,8.97
250,Nome,5870133,US,1608135680,-165.41,64.5,19.4,79,92,14.99
251,Lubango,3347762,AO,1608135486,13.49,-14.92,84.2,31,20,9.17
252,Ol'ga,2018553,RU,1608135752,135.29,43.74,7.97,73,0,16.33
253,Tanabe,1850708,JP,1608135752,135.37,33.73,39.99,71,27,18.41
254,Alamosa,5411479,US,1608135753,-105.87,37.47,-5.8,83,1,1.25
255,Dolneni,791363,MK,1608135753,21.45,41.43,37.4,93,90,2.24
256,Sept-Îles,6144312,CA,1608135753,-66.38,50.2,10.99,51,0,13.87
257,Puerto Carreño,3671519,CO,1608135753,-67.49,6.19,88.16,57,82,6.46
258,Banda Aceh,1215502,ID,1608135753,95.32,5.56,78.78,80,100,7.29
259,Puerto Nariño,3671387,CO,1608135753,-70.38,-3.77,84.2,79,75,2.24
260,Sørland,3137469,NO,1608135754,12.69,67.67,39.2,80,75,14.99
261,Albstadt,2958595,DE,1608135754,9.03,48.22,43.0,10,51,3.2
262,Puro,1692364,PH,1608135754,123.38,12.48,79.68,81,37,11.61
263,Okhotsk,2122605,RU,1608135754,143.3,59.38,-1.59,83,89,20.13
264,Campbell River,5914132,CA,1608135754,-125.24,50.02,45.0,100,90,8.05
265,Chara,2025630,RU,1608135754,118.26,56.91,-9.51,76,100,2.66
266,Avarua,4035715,CK,1608135754,-159.78,-21.21,80.6,83,100,20.8
267,Fortuna,5563839,US,1608135754,-124.16,40.6,57.0,87,97,1.01
268,Touros,3386213,BR,1608135458,-35.46,-5.2,89.6,55,40,13.87
269,Sula,1685434,PH,1608135755,120.4,15.46,75.2,83,75,4.7
270,Provideniya,4031574,RU,1608135493,-173.3,64.38,14.2,94,79,21.59
271,Katherine,2068655,AU,1608135755,132.27,-14.47,78.8,83,100,3.36
272,Gardelegen,2922580,DE,1608135755,11.4,52.53,48.0,80,12,1.01
273,Esperance,2071860,AU,1608135505,121.9,-33.87,55.4,76,71,8.05
274,Gornopravdinsk,1506268,RU,1608135755,69.9,60.05,16.92,95,100,7.25
275,Miajadas,2513893,ES,1608135755,-5.91,39.15,51.01,94,100,5.41
276,Puerto Baquerizo Moreno,3652758,EC,1608135755,-89.6,-0.9,77.0,78,75,8.05
277,Kimberley,990930,ZA,1608135756,24.76,-28.73,95.0,28,0,8.05
278,Portland,5746545,US,1608135618,-122.68,45.52,46.99,81,90,8.05
279,Mingora,1170395,PK,1608135756,72.36,34.78,39.6,60,0,5.7
280,Nova Praha,699802,UA,1608135756,32.9,48.57,32.0,97,90,2.24
281,Reutte,2767511,AT,1608135756,10.72,47.48,41.0,82,19,5.28
282,Rivne,695594,UA,1608135756,26.23,50.62,33.8,97,90,6.71
283,Manyana,933416,BW,1608135756,21.72,-23.4,90.21,22,86,12.88
284,Verkhovazh'ye,474354,RU,1608135757,42.05,60.75,21.18,97,100,7.05
285,Kavieng,2094342,PG,1608135757,150.8,-2.57,83.05,78,98,11.32
286,Tobol,1518139,KZ,1608135757,62.58,52.68,16.99,92,99,10.96
287,San Patricio,4726521,US,1608135513,-97.52,28.02,51.8,43,1,13.87
288,Departamento de Maldonado,3441890,UY,1608135757,-54.92,-34.67,78.01,22,0,11.41
289,Bonavista,5905393,CA,1608135757,-53.11,48.65,26.6,79,100,18.34
290,Bunia,217695,CD,1608135757,30.25,1.57,69.08,54,24,3.0
291,Karasjok,779350,NO,1608135757,25.51,69.47,26.6,63,75,17.22
292,Padilla,3673407,CO,1608135758,-76.31,3.22,78.78,58,61,2.82
293,Arrondissement de Meaux,2994797,FR,1608135758,3.0,48.92,48.0,92,100,4.0
294,Vzmorye,6930743,RU,1608135758,20.24,54.7,44.6,93,90,8.95
295,Longkou,1802550,CN,1608135758,120.33,37.65,32.23,84,0,12.71
296,Jiayuguan City,1280957,CN,1608135758,98.3,39.82,11.12,81,85,4.92
297,Gushikawa,1863495,JP,1608135758,127.87,26.35,60.8,72,90,18.34
298,Pangnirtung,6096551,CA,1608135544,-65.71,66.15,10.4,72,40,2.24
299,Tateyama,1850523,JP,1608135497,139.87,34.98,39.2,55,20,10.29
300,Aklavik,5882953,CA,1608135759,-135.01,68.22,-20.2,75,40,9.17
301,Plérin,2986795,FR,1608135759,-2.78,48.54,48.99,93,0,3.36
302,Copiapó,3893656,CL,1608135759,-70.33,-27.37,62.6,72,90,8.05
303,Dauphin,5935341,CA,1608135759,-100.05,51.15,10.4,94,1,6.93
304,Minot,5690532,US,1608135740,-101.3,48.23,30.99,74,90,9.17
305,Faanui,4034551,PF,1608135505,-151.75,-16.48,79.72,80,61,18.68
306,Lufilufi,4035249,WS,1608135760,-171.6,-13.87,75.2,100,75,9.17
307,Bereda,3105522,ES,1608135760,-7.54,43.27,50.0,94,94,1.99
308,Terrace,6162949,CA,1608135760,-128.6,54.52,32.0,84,90,5.82
309,Lixouri,258175,GR,1608135760,20.43,38.2,57.2,87,0,3.11
310,Constitución,3893726,CL,1608135536,-72.42,-35.33,67.6,41,0,10.22
311,Kushiro,2129376,JP,1608135760,144.37,42.98,23.72,83,49,8.3
312,Moerai,4034188,PF,1608135760,-151.33,-22.43,78.94,77,90,12.26
313,Havre-St-Pierre,5972291,CA,1608135760,-63.6,50.23,14.0,47,1,21.92
314,Grand Gaube,934479,MU,1608135761,57.66,-20.01,79.0,83,4,5.99
315,Finschhafen,2097418,PG,1608135761,147.87,-6.6,80.13,80,100,5.39
316,Katobu,1640972,ID,1608135761,122.53,-4.94,77.59,88,96,1.66
317,Margate,2643044,GB,1608135648,1.39,51.38,51.01,73,100,5.99
318,Ginir,336454,ET,1608135761,40.7,7.13,59.07,35,74,1.95
319,Sinnamary,3380290,GF,1608135761,-52.95,5.38,83.46,76,10,8.5
320,Ulaanbaatar,2028462,MN,1608135600,106.88,47.91,-16.6,68,2,4.47
321,Smithers,6149996,CA,1608135761,-127.17,54.78,32.0,94,90,5.82
322,Maurānwān,1263291,IN,1608135762,80.88,26.43,61.45,45,0,7.67
323,Severo-Kuril'sk,2121385,RU,1608135762,156.12,50.68,26.94,87,11,2.57
324,Seymchan,2121373,RU,1608135762,152.43,62.88,-26.86,82,100,2.57
325,Vung Tau,1562414,VN,1608135762,107.08,10.35,79.38,82,90,15.19
326,Dandong,2037886,CN,1608135762,124.39,40.13,11.23,76,0,2.37
327,St. George's,3579925,GD,1608135762,-61.75,12.06,86.0,70,20,14.99
328,Colares,2269142,PT,1608135762,-9.45,38.8,57.99,76,40,18.34
329,Srednekolymsk,2121025,RU,1608135762,153.68,67.45,-17.12,88,100,13.27
330,Korla,1529376,CN,1608135762,86.15,41.76,21.27,84,72,2.73
331,Alofi,4036284,NU,1608135763,-169.92,-19.06,75.2,88,76,5.82
332,Goderich,5962442,CA,1608135763,-81.72,43.75,23.0,73,100,21.92
333,Haifa,294801,IL,1608135763,34.99,32.82,59.0,93,75,6.93
334,Ulladulla,2145554,AU,1608135763,150.47,-35.35,69.8,100,90,5.82
335,Kitimat,5993072,CA,1608135763,-128.65,54.05,32.0,82,90,5.82
336,Lira,230166,UG,1608135763,32.91,2.23,76.44,31,2,2.46
337,Bathurst,2176632,AU,1608135660,149.58,-33.42,64.0,95,99,2.1
338,Cayenne,3382160,GF,1608135512,-52.33,4.93,86.0,70,19,9.17
339,Fort Nelson,5955902,CA,1608135536,-122.7,58.81,-2.2,77,90,2.24
340,Kem',551145,RU,1608135764,34.58,64.96,30.31,99,100,6.35
341,Delta,2565341,NG,1608135764,6.0,5.5,86.88,64,59,6.06
342,Port Hedland,2063042,AU,1608135764,118.57,-20.32,82.4,78,48,12.75
343,Tumarbong,1680763,PH,1608135764,119.46,10.38,80.44,81,100,14.32
344,Milyutinskaya,526504,RU,1608135764,41.67,48.63,26.42,98,91,8.59
345,Waipawa,2206874,NZ,1608135764,175.52,-41.41,59.0,77,34,19.46
346,Omboué,2396853,GA,1608135765,9.26,-1.57,79.95,82,93,8.68
347,Haines Junction,5969025,CA,1608135765,-137.51,60.75,8.6,84,100,1.54
348,Aracati,3407378,BR,1608135590,-37.77,-4.56,89.67,49,100,13.76
349,Ust-Kuyga,2013921,RU,1608135765,135.6,70.02,-33.56,81,94,2.8
350,Saint-François,2980080,FR,1608135765,3.91,46.42,53.01,76,0,6.93
351,Humaitá,3664078,BR,1608135516,-63.02,-7.51,94.28,42,15,3.31
352,Elizabeth City,4465088,US,1608135765,-76.25,36.29,52.0,93,90,13.87
353,Grand-Santi,3381538,GF,1608135765,-54.38,4.25,92.37,45,27,2.98
354,Dhidhdhoo,1337612,MV,1608135765,73.1,6.88,82.74,68,73,7.96
355,Villa María,3832694,AR,1608135766,-63.24,-32.41,86.0,26,0,4.0
356,Kaeo,2189343,NZ,1608135766,173.78,-35.1,53.01,91,1,4.0
357,Lolodorf,2229267,CM,1608135766,10.73,3.23,76.68,89,100,3.4
358,Gwadar,1177446,PK,1608135766,62.33,25.12,68.9,31,0,5.23
359,Calvinia,3369174,ZA,1608135766,19.78,-31.47,86.58,13,0,18.9
360,Aden,415189,YE,1608135766,45.04,12.78,77.31,71,0,12.1
361,Ulverstone,2145532,AU,1608135766,146.17,-41.15,52.0,94,100,7.0
362,Riachão do Jacuípe,3451474,BR,1608135584,-39.39,-11.81,94.12,32,51,4.76
363,Saint-Médard-en-Jalles,2978072,FR,1608135767,-0.72,44.9,53.6,81,0,9.17
364,Saurimo,145531,AO,1608135767,20.39,-9.66,80.6,69,75,5.3
365,Changji,1529569,CN,1608135767,87.32,44.02,-0.4,84,40,2.24
366,Russell,4047434,US,1608135767,-85.2,32.35,46.4,87,90,6.93
367,Hilo,5855927,US,1608135767,-155.09,19.73,71.6,83,90,1.77
368,Solnechnyy,2016307,RU,1608135767,136.63,50.72,-4.16,84,82,1.1
369,Ciudad Río Bravo,3520271,MX,1608135499,-98.1,25.98,55.4,37,5,11.41
370,Muroto-misakicho,1856392,JP,1608135767,134.15,33.28,41.92,66,0,19.55
371,Hay River,5972762,CA,1608135768,-115.8,60.82,-20.2,75,100,5.82
372,Port Blair,1259385,IN,1608135768,92.75,11.67,81.32,82,100,9.82
373,Haicheng,2037086,CN,1608135768,122.75,40.85,12.16,72,0,5.66
374,Palmer,4946620,US,1608135768,-72.33,42.16,21.2,44,75,5.82
375,Bilma,2446796,NE,1608135768,12.92,18.69,74.64,19,37,5.12
376,San Fernando,1690039,PH,1608135768,120.69,15.03,75.2,83,75,4.7
377,Nanortalik,3421765,GL,1608135768,-45.24,60.14,29.97,90,100,10.8
378,Aksarka,1512019,RU,1608135768,67.8,66.56,4.68,94,100,13.87
379,Padang,1633419,ID,1608135769,100.35,-0.95,75.96,82,100,3.24
380,Najrān,103630,SA,1608135769,44.13,17.49,69.8,30,0,9.17
381,Megion,1499053,RU,1608135769,76.11,61.03,6.8,84,90,4.47
382,Geraldton,2070998,AU,1608135547,114.6,-28.77,68.0,82,90,18.34
383,Kumul,1529484,CN,1608135769,93.45,42.8,15.1,74,0,0.72
384,Mount Isa,2065594,AU,1608135769,139.5,-20.73,86.0,45,79,5.82
385,Nsanje,924572,MW,1608135769,35.26,-16.92,77.94,86,100,6.98
386,Lac du Bonnet,6014443,CA,1608135770,-96.06,50.25,24.01,92,100,6.93
387,Trincomalee,1226260,LK,1608135770,81.23,8.57,79.93,77,0,5.12
388,Angoche,1052944,MZ,1608135770,39.91,-16.23,83.1,73,17,13.65
389,Horsham,2646557,GB,1608135770,-0.33,51.06,51.01,87,75,9.17
390,Jarocin,3097528,PL,1608135770,17.5,51.97,45.0,95,100,1.05
391,Mahabalipuram,1263997,IN,1608135770,80.17,12.63,82.4,83,75,10.29
392,Kiryat Gat,293842,IL,1608135770,34.76,31.61,59.0,100,97,2.44
393,Codrington,2171099,AU,1608135771,141.97,-38.27,59.77,96,100,5.12
394,Murgab,1218612,TM,1608135771,61.97,37.5,35.6,59,0,13.87
395,Dukat,2125906,RU,1608135771,155.55,62.55,-34.46,82,100,4.97
396,Mangan,1263776,IN,1608135771,88.53,27.52,53.82,39,2,4.99
397,Hadejia,2339631,NG,1608135771,10.04,12.45,89.04,13,5,9.46
398,Mahibadhoo,1337605,MV,1608135771,72.97,3.78,82.65,71,8,8.48
399,Bairiki Village,7601762,KI,1608135772,172.98,1.33,78.8,94,75,5.82
400,Diamantino,3464724,BR,1608135772,-56.45,-14.41,95.47,40,49,1.39
401,Beloha,1067565,MG,1608135772,45.05,-25.17,78.96,56,7,8.28
402,Chemal,1508285,RU,1608135772,86.0,51.41,18.03,90,97,3.11
403,Pochutla,3517970,MX,1608135772,-96.47,15.74,82.99,61,5,2.8
404,Alihe,2038665,CN,1608135550,123.72,50.57,-8.32,86,0,3.62
405,Yeppoon,2142316,AU,1608135772,150.73,-23.13,78.8,78,85,5.82
406,Rundu,3353383,NA,1608135772,19.77,-17.93,90.0,29,47,7.94
407,Ribeira Grande,3372707,PT,1608135772,-28.7,38.52,66.2,82,20,20.8
408,Yako,2353688,BF,1608135773,-2.27,12.97,97.11,11,38,10.67
409,Cairns,2172797,AU,1608135614,145.77,-16.92,80.6,78,75,1.12
410,Alice Springs,2077895,AU,1608135641,133.88,-23.7,88.0,28,55,5.82
411,Saint-Augustin,6137462,CA,1608135509,-58.65,51.23,15.89,89,100,31.34
412,Zhigalovo,2012532,RU,1608135773,105.16,54.81,-10.64,86,97,4.88
413,Lagunas,3695844,PE,1608135773,-75.68,-5.23,87.64,62,87,3.11
414,Naze,1855540,JP,1608135773,129.48,28.37,59.0,72,90,18.34
415,Skaerbaek,2613539,DK,1608135773,8.77,55.16,42.01,93,75,4.7
416,Ketchikan,5554428,US,1608135545,-131.65,55.34,39.2,100,90,17.22
417,Shimanovsk,2016701,RU,1608135774,127.7,52.0,-13.72,86,0,6.8
418,Clyde River,5924351,CA,1608135499,-68.59,70.47,3.2,84,75,19.46
419,Ixtapa,4004293,MX,1608135774,-105.2,20.7,75.0,88,20,4.7
420,Balsas,3406545,BR,1608135774,-46.04,-7.53,92.64,38,32,4.21
421,Fairbanks,5861897,US,1608135774,-147.72,64.84,6.8,38,90,8.05
422,Tāki,1255211,IN,1608135774,88.92,22.59,69.8,64,0,5.26
423,Palu,1633034,ID,1608135775,119.87,-0.89,76.08,81,100,1.72
424,Lavrentiya,4031637,RU,1608135775,-171.0,65.58,12.45,94,81,15.95
425,Kropotkin,540761,RU,1608135775,40.58,45.44,36.43,83,38,5.28
426,Myitkyina,1307741,MM,1608135509,97.4,25.38,61.12,72,0,2.44
427,Petrolina,3392242,BR,1608135482,-40.5,-9.4,89.6,43,40,9.17
428,Imeni Sverdlova,556511,RU,1608135775,30.67,59.8,32.0,100,90,6.71
429,Kloulklubed,7671223,PW,1608135775,134.26,7.04,78.8,94,90,17.22
430,Ouadda,236901,CF,1608135775,22.4,8.08,85.19,18,75,4.43
431,Wellington,2179537,NZ,1608135528,174.78,-41.29,59.0,77,58,19.46
432,Kasempa,912628,ZM,1608135776,25.83,-13.46,71.29,88,96,4.61
433,Al Bardīyah,80509,LY,1608135776,25.09,31.76,61.86,74,5,13.2
434,Shelburne,6145890,CA,1608135776,-80.2,44.08,17.01,90,100,16.02
435,Cascais,2269594,PT,1608135659,-9.42,38.7,57.99,76,20,16.11
436,Coahuayana Viejo,4013679,MX,1608135569,-103.68,18.73,69.8,68,20,1.05
437,Iporá,3461090,BR,1608135776,-51.12,-16.44,88.09,47,81,4.99
438,Måløy,3146487,NO,1608135776,5.11,61.94,46.4,81,75,14.99
439,Dudinka,1507116,RU,1608135777,86.18,69.41,-7.6,76,40,17.9
440,Takapau,2181988,NZ,1608135777,176.35,-40.03,52.0,92,2,2.77
441,Asău,686090,RO,1608135777,26.4,46.43,34.0,100,95,2.91
442,Severo-Yeniseyskiy,1492566,RU,1608135777,93.04,60.37,-11.83,89,96,4.41
443,Zhigansk,2012530,RU,1608135777,123.37,66.77,-38.43,80,20,5.03
444,Eureka,5563397,US,1608135744,-124.16,40.8,48.99,97,97,1.01
445,Rocha,3440777,UY,1608135777,-54.33,-34.48,78.19,38,3,9.17
446,Vila Franca do Campo,3372472,PT,1608135558,-25.43,37.72,64.4,88,40,12.75
447,Acajutla,3587498,SV,1608135720,-89.83,13.59,78.8,65,0,2.24
448,Lucea,3489657,JM,1608135778,-78.17,18.45,84.0,65,20,17.22
449,Hamilton,4513583,US,1608135717,-84.53,39.18,34.0,86,90,3.2
450,Asilah,2557055,MA,1608135778,-6.03,35.47,57.2,93,75,1.12
451,Port Macquarie,2152659,AU,1608135636,152.92,-31.43,73.4,88,90,6.93
452,Hualmay,3939761,PE,1608135778,-77.61,-11.1,73.49,67,4,9.75
453,Kampene,214575,CD,1608135749,26.67,-3.6,77.99,77,99,1.5
454,Mayahi,2441194,NE,1608135779,7.67,13.96,88.9,12,33,9.82
455,Bonfim,3405215,BR,1608135779,-59.95,3.08,91.44,47,62,4.0
456,Balyqshy,610445,KZ,1608135779,51.87,47.07,28.4,74,99,17.9
457,Ālampur,1279074,IN,1608135779,78.15,15.88,72.81,72,0,7.14
458,Biltine,244878,TD,1608135779,20.92,14.53,84.49,13,3,9.15
459,Morondava,1058381,MG,1608135779,44.28,-20.28,84.92,73,1,11.74
460,Bajil,77408,YE,1608135779,43.29,15.06,80.1,54,28,8.25
461,Port Keats,2063039,AU,1608135780,129.55,-14.25,80.35,72,100,5.57
462,Seoul,1835848,KR,1608135552,126.98,37.57,17.6,52,1,4.43
463,Vestmannaeyjar,3412093,IS,1608135780,-20.27,63.44,42.8,75,40,10.29
464,Guadalajara,4005539,MX,1608135780,-103.33,20.67,63.0,71,5,2.91
465,Saint Anthony,5044290,US,1608135780,-93.22,45.02,24.01,57,90,9.17
466,Presidencia Roque Sáenz Peña,3840300,AR,1608135780,-60.44,-26.79,86.0,54,72,5.99
467,Burnie,2173125,AU,1608135780,145.92,-41.07,52.0,94,100,7.0
468,Itoman,1861280,JP,1608135780,127.67,26.12,62.6,67,75,12.75
469,Kondinskoye,1502697,RU,1608135781,67.41,59.65,18.72,94,100,10.18
470,Tigil',2120612,RU,1608135781,158.67,57.8,14.77,93,100,7.29
471,Jining,1805518,CN,1608135781,116.58,35.41,29.77,75,100,3.62
472,Sungai Penuh,1625929,ID,1608135781,101.38,-2.08,64.9,90,100,1.63
473,Ampanihy,1078553,MG,1608135781,44.75,-24.7,80.71,53,22,10.09
474,Salalah,286621,OM,1608135781,54.09,17.02,77.0,65,0,12.75
475,Turbaná,3666575,CO,1608135782,-75.44,10.27,87.8,74,40,2.24
476,Nongstoin,1261205,IN,1608135782,91.27,25.52,48.76,91,0,1.99
477,Rio de Janeiro,3451190,BR,1608135760,-43.21,-22.9,91.4,83,20,13.87
478,Panguna,2088659,PG,1608135782,155.48,-6.32,70.16,100,99,0.81
479,Cockburn Town,3576994,TC,1608135782,-71.14,21.46,77.95,75,3,16.31
480,Purwakarta,1630341,ID,1608135782,107.44,-6.56,80.6,74,20,6.93
481,Biak,1637001,ID,1608135782,122.88,-0.91,78.66,78,97,3.62
482,Abbeville,3038789,FR,1608135782,1.83,50.1,46.99,83,93,13.8
483,Cumaral,3685442,CO,1608135783,-73.49,4.27,83.21,61,29,5.23
484,Namtsy,2019488,RU,1608135783,129.67,62.72,-52.6,55,90,1.81
485,Los Llanos de Aridane,2514651,ES,1608135783,-17.92,28.66,71.6,56,20,6.93
486,Outram,1880252,MY,1608135783,103.84,1.28,78.8,88,75,7.99
487,Taoudenni,2450173,ML,1608135783,-3.98,22.68,84.11,13,0,7.92
488,Lethem,3379316,GY,1608135524,-59.8,3.38,91.4,47,81,7.0
489,Dwārka,1272140,IN,1608135783,68.97,22.24,71.89,41,0,17.65
490,Coquimbo,3893629,CL,1608135784,-71.34,-29.95,59.0,82,75,9.17
491,Arsk,580850,RU,1608135784,49.88,56.09,12.2,85,75,6.71
492,Oddur,49747,SO,1608135563,43.89,4.12,81.05,24,24,7.85
493,Avera,4231997,US,1608135784,-82.53,33.19,39.2,93,90,4.7
494,Garoowe,58933,SO,1608135784,48.48,8.41,79.25,45,0,16.26
495,Kemijärvi,653272,FI,1608135784,27.43,66.71,23.32,97,99,12.03
496,Yumen,1528998,CN,1608135784,97.2,40.28,11.79,83,63,6.6
497,Bereket,161974,TM,1608135785,55.52,39.24,35.98,79,45,19.37
498,Maniitsoq,3421982,GL,1608135785,-52.9,65.42,25.74,81,2,5.32
499,Praia,3374333,CV,1608135785,-23.51,14.92,80.6,54,40,20.8
500,Marzuq,72181,YE,1608135785,46.47,14.4,58.93,35,9,2.46
501,Huilong,1806840,CN,1608135785,121.66,31.81,42.01,66,12,8.79
502,Victor Harbor,2059470,AU,1608135785,138.62,-35.57,59.0,89,100,1.99
503,Albertville,4829791,US,1608135785,-86.21,34.27,45.0,93,90,3.36
504,Vanimo,2084442,PG,1608135786,141.3,-2.67,80.2,83,100,6.02
505,Bolondrón,3567082,CU,1608135786,-81.45,22.76,77.0,83,20,8.05
506,Kirakira,2178753,SB,1608135786,161.92,-10.45,80.24,81,41,5.64
507,Kangaatsiaq,3422683,GL,1608135786,-53.46,68.31,13.96,89,3,6.11
508,Paita,3694112,PE,1608135786,-81.11,-5.09,78.8,61,75,12.75
509,Andra,1511646,RU,1608135786,65.89,62.51,15.35,97,100,7.31
510,Torrevieja,2510253,ES,1608135786,-0.68,37.98,62.01,81,0,6.76
511,Tecolutla,3516148,MX,1608135786,-97.02,20.48,71.6,46,90,16.11
512,Linxia Chengguanzhen,1803331,CN,1608135787,103.21,35.6,20.77,87,100,2.82
513,Voh,2137748,NC,1608135787,164.7,-20.97,72.97,82,18,5.28
514,Avilés,3129135,ES,1608135787,-5.92,43.55,52.0,76,40,6.93
515,La Rioja,3336897,ES,1608135787,-2.5,42.25,48.2,76,20,10.29
516,Siavonga,898188,ZM,1608135787,28.71,-16.54,85.6,61,85,7.4
517,Ambilobe,1082243,MG,1608135787,49.05,-13.2,78.96,80,55,2.86
518,Nicoya,3622716,CR,1608135787,-85.45,10.15,84.2,66,0,3.36
519,Sistranda,3139597,NO,1608135787,8.83,63.73,41.0,93,75,3.36
520,Marabba,370510,SD,1608135788,32.18,12.35,83.62,15,66,9.71
521,Taitung City,6949678,TW,1608135788,121.14,22.76,66.36,74,69,11.92
522,Arrondissement de Saintes,2980339,FR,1608135788,-0.75,45.67,54.0,81,0,12.75
523,Atar,2381334,MR,1608135788,-13.05,20.52,86.14,13,0,12.26
524,Bucerías,4016734,MX,1608135788,-105.33,20.75,75.0,88,20,4.7
525,São Gabriel,3449099,BR,1608135788,-54.32,-30.34,89.44,37,100,4.16
526,Mayumba,2399001,GA,1608135788,10.66,-3.43,78.93,85,68,10.16
527,Belmonte,3470137,BR,1608135789,-38.88,-15.86,82.4,65,20,12.75
528,Sangar,2017215,RU,1608135789,127.47,63.92,-44.39,78,96,2.62
529,Naco,3995171,MX,1608135789,-109.95,31.33,42.01,37,28,5.01
530,Faya,110690,SA,1608135558,42.45,18.39,62.6,77,20,6.93
531,Barcelona,3128760,ES,1608135662,2.16,41.39,61.0,72,0,3.36
532,Izumo,1861084,JP,1608135789,132.77,35.37,33.8,77,75,18.34
533,Diffa,2445704,NE,1608135789,12.61,13.32,85.51,13,76,9.8
534,Jackson,5733351,US,1608135789,-122.83,42.42,41.0,86,90,2.8
535,Poros,254865,GR,1608135790,23.45,37.5,57.0,71,1,5.01
536,Qixingtai,7696232,CN,1608135790,111.89,30.41,39.99,62,92,4.97
537,Kavaratti,1267390,IN,1608135544,72.64,10.57,82.72,66,4,4.18
538,Palembang,1633070,ID,1608135790,104.75,-2.92,75.02,87,89,3.4
539,Boa Vista,3664980,BR,1608135652,-60.67,2.82,89.6,49,75,12.75
540,Qui Nhon,1568574,VN,1608135788,109.23,13.77,75.51,87,83,19.6
541,Santa Cruz,2561668,MA,1608135588,-9.6,30.42,64.4,72,40,13.87
542,Ichinohe,2129961,JP,1608135790,141.3,40.21,24.8,85,75,10.29
543,Bideford,2655707,GB,1608135790,-4.2,51.02,46.99,91,83,8.01
544,Hobyo,57000,SO,1608135791,48.53,5.35,79.32,75,47,20.36
545,Kūstī,371760,SD,1608135791,32.66,13.16,83.86,15,64,10.87
546,Telica,3616092,NI,1608135791,-86.86,12.52,82.4,78,0,4.7
547,Tessalit,2449893,ML,1608135524,1.01,20.2,87.82,14,0,10.38
548,Kabanga,158684,TZ,1608135791,30.47,-2.64,64.8,88,79,2.04
549,Makakilo City,5850554,US,1608135791,-158.09,21.35,73.4,83,20,3.36
550,Port Augusta,2063056,AU,1608135791,137.77,-32.5,64.4,77,90,14.99
551,Sakakah,102527,SA,1608135489,40.21,29.97,62.6,39,0,4.79
552,Le Port,935616,RE,1608135792,55.29,-20.94,77.0,83,20,17.22
553,Lagos,2332453,NG,1608135507,3.75,6.58,86.54,64,76,7.52
554,Shizunai-furukawachō,2128025,JP,1608135792,142.37,42.33,27.23,88,70,22.95
555,Lesosibirsk,1500607,RU,1608135792,92.48,58.24,-17.05,86,49,4.76
556,Chuguyevka,2025286,RU,1608135792,133.86,44.17,-4.59,86,28,3.38
557,Wanning,1791779,CN,1608135792,110.4,18.8,65.25,85,92,12.75
558,Muravlenko,1540711,RU,1608135792,74.52,63.79,-2.04,93,98,11.1
559,Benjamin Constant,3665016,BR,1608135793,-70.03,-4.38,84.2,74,40,4.7
560,Poum,2138555,NC,1608135504,164.02,-20.23,78.48,73,42,17.54
561,Awjilah,88533,LY,1608135793,21.29,29.11,59.32,64,83,7.07
